{
	"description": "项目配置文件",
	"packOptions": {
		"ignore": []
	},
	"setting": {
		"urlCheck": false,
		"es6": true,
		"postcss": true,
		"minified": true,
		"newFeature": true,
		"nodeModules": false,
		"autoAudits": false
	},
	"compileType": "miniprogram",
	"libVersion": "2.4.2",
	"appid": "wxfae60e8cc392b754",
	"projectname": "template",
	"debugOptions": {
		"hidedInDevtools": []
	},
	"scripts": {},
	"condition": {
		"search": {
			"current": -1,
			"list": []
		},
		"conversation": {
			"current": -1,
			"list": []
		},
		"plugin": {
			"current": -1,
			"list": []
		},
		"game": {
			"list": []
		},
		"miniprogram": {
			"current": -1,
			"list": []
		}
	}
}